{
  "task": "fomc_neg_long_bond_cross_regime_pre_post_2022",
  "n_pre_2022": 91,
  "n_post_2022": 14,
  "sharpe_pre_2022": 0.5163443923047303,
  "sharpe_post_2022": 1.0341172922738275,
  "ic95_post_bootstrap": [
    -1.4137120042384423,
    4.129048199392352
  ],
  "p_value_one_sided_post": 0.16,
  "caveat": "n_post_2022 small (~14 events). Result is robust indicator, not statistical confirmation."
}