{
  "active_proxies": {
    "C": true,
    "L": true,
    "V": true
  },
  "by_crit": null,
  "diagnostics_per_cell": {
    "CPI/neg": {
      "n_after_mask": 111,
      "n_before_mask": 134
    },
    "CPI/pos": {
      "n_after_mask": 9,
      "n_before_mask": 33
    },
    "FOMC/neg": {
      "n_after_mask": 101,
      "n_before_mask": 129
    },
    "NFP/neg": {
      "n_after_mask": 117,
      "n_before_mask": 141
    }
  },
  "n_third_channel_True": 0,
  "variant": "all_active",
  "verdicts": {
    "CPI/neg|C": {
      "commonality": false,
      "lambda_b": -0.0007103269642729792,
      "lambda_e": 0.0006754768611116896,
      "p_commonality": 0.3151601535749551,
      "passed_by": false,
      "sign_ok": null,
      "third_channel": false
    },
    "CPI/neg|L": {
      "commonality": false,
      "lambda_b": 0.0036902086369467162,
      "lambda_e": -0.0035091594044768465,
      "p_commonality": 0.7338035647724124,
      "passed_by": false,
      "sign_ok": null,
      "third_channel": false
    },
    "CPI/neg|V": {
      "commonality": false,
      "lambda_b": -5.002932257514986e-06,
      "lambda_e": 4.757478101819619e-06,
      "p_commonality": 0.9775004836200387,
      "passed_by": false,
      "sign_ok": null,
      "third_channel": false
    },
    "CPI/pos|C": {
      "commonality": false,
      "lambda_b": 0.0004894399792899779,
      "lambda_e": -0.0010965510365020714,
      "p_commonality": 0.711270664709434,
      "passed_by": false,
      "sign_ok": null,
      "third_channel": false
    },
    "CPI/pos|L": {
      "commonality": true,
      "lambda_b": -0.04204589820849214,
      "lambda_e": 0.09420046422866199,
      "p_commonality": 0.003728829129420186,
      "passed_by": false,
      "sign_ok": true,
      "third_channel": false
    },
    "CPI/pos|V": {
      "commonality": false,
      "lambda_b": 0.00016309741809405635,
      "lambda_e": -0.00036540669015493166,
      "p_commonality": 0.14706380609595016,
      "passed_by": false,
      "sign_ok": null,
      "third_channel": false
    },
    "FOMC/neg|C": {
      "commonality": false,
      "lambda_b": -0.002001945039684023,
      "lambda_e": 0.001751339512986405,
      "p_commonality": 0.25014451096694,
      "passed_by": false,
      "sign_ok": null,
      "third_channel": false
    },
    "FOMC/neg|L": {
      "commonality": false,
      "lambda_b": 0.007549979772641428,
      "lambda_e": -0.00660486558620112,
      "p_commonality": 0.563115217849179,
      "passed_by": false,
      "sign_ok": null,
      "third_channel": false
    },
    "FOMC/neg|V": {
      "commonality": false,
      "lambda_b": 9.376079552365884e-05,
      "lambda_e": -8.202372328639959e-05,
      "p_commonality": 0.5022464391270036,
      "passed_by": false,
      "sign_ok": null,
      "third_channel": false
    },
    "NFP/neg|C": {
      "commonality": false,
      "lambda_b": -8.137661945614137e-05,
      "lambda_e": -0.00011422357398696077,
      "p_commonality": 0.9406005945640397,
      "passed_by": false,
      "sign_ok": null,
      "third_channel": false
    },
    "NFP/neg|L": {
      "commonality": false,
      "lambda_b": 0.020361119056750955,
      "lambda_e": 0.028579705136185612,
      "p_commonality": 0.1538441407635347,
      "passed_by": false,
      "sign_ok": null,
      "third_channel": false
    },
    "NFP/neg|V": {
      "commonality": false,
      "lambda_b": -0.0002493597453993541,
      "lambda_e": -0.0003500116067532615,
      "p_commonality": 0.08291129764254035,
      "passed_by": false,
      "sign_ok": null,
      "third_channel": false
    }
  }
}