{
  "config_07_HALF_MIN_WINDOW": 30,
  "config_07_MEDIAN_EDGE_MIN": 5,
  "config_hash_12": "907eb0ffa9e573b4243442042aa57235f02fe4bb5b6a9faacba2517bfe125e27",
  "results": {
    "CPI/neg": {
      "F_MOP": 35.93423686343734,
      "beta_str_central": 0.6076043997689411,
      "constr_band_max": 1.2218317584216392,
      "constr_band_min": 0.6074097988711743,
      "constr_band_width": 0.6144219595504649,
      "gate_a": "PASS",
      "n_events": 117,
      "n_skip_no_rate": 33,
      "precheck_status": "PASS",
      "sampling_band_high": 1.030714211076547,
      "sampling_band_low": 0.15246443129930815,
      "shrink": 0.6701633068251558,
      "verdict": "identified_fragile"
    },
    "CPI/pos": {
      "F_MOP": 20.5671722134049,
      "beta_str_central": 1.53997062861922,
      "constr_band_max": 1.5400987449285912,
      "constr_band_min": 1.0152199720652222,
      "constr_band_width": 0.524878772863369,
      "gate_a": "FAIL",
      "n_events": 31,
      "n_skip_no_rate": 6,
      "precheck_status": "PASS",
      "sampling_band_high": 3.06428402824531,
      "sampling_band_low": -0.0786161797041055,
      "shrink": 0.3817787692176854,
      "verdict": "channel_not_identified"
    },
    "ECB/neg": {
      "F_MOP": 8.796199743412009,
      "beta_str_central": 0.15177837128083912,
      "constr_band_max": 3.3590820258794034,
      "constr_band_min": 0.15064738648103423,
      "constr_band_width": 3.2084346393983694,
      "gate_a": "FAIL",
      "n_events": 92,
      "n_skip_no_rate": 135,
      "precheck_status": "PASS",
      "sampling_band_high": 0.5835966359714498,
      "sampling_band_low": -0.3294480984884912,
      "shrink": 2.1285085774761114,
      "verdict": "channel_not_identified"
    },
    "ECB/pos": {
      "F_MOP": 7.120182364131052,
      "beta_str_central": 1.048500214547952,
      "constr_band_max": 3.029321412357925,
      "constr_band_min": 1.0477707203148214,
      "constr_band_width": 1.9815506920431036,
      "gate_a": "FAIL",
      "n_events": 40,
      "n_skip_no_rate": 14,
      "precheck_status": "PASS",
      "sampling_band_high": 1.2903547858078015,
      "sampling_band_low": 0.6359859631637129,
      "shrink": 0.46690753930963924,
      "verdict": "channel_not_identified"
    },
    "FOMC/neg": {
      "F_MOP": 31.023312176361326,
      "beta_str_central": 0.9137289153673507,
      "constr_band_max": 2.1120879572227342,
      "constr_band_min": 0.913250773770216,
      "constr_band_width": 1.1988371834525182,
      "gate_a": "PASS",
      "n_events": 116,
      "n_skip_no_rate": 25,
      "precheck_status": "PASS",
      "sampling_band_high": 1.5090356777532465,
      "sampling_band_low": 0.39773965233412556,
      "shrink": 0.8770273052400799,
      "verdict": "identified_fragile"
    },
    "FOMC/pos": {
      "F_MOP": 15.442102499255192,
      "beta_str_central": 1.5626160033951395,
      "constr_band_max": 1.6995412662089946,
      "constr_band_min": 1.5625659631175557,
      "constr_band_width": 0.1369753030914389,
      "gate_a": "FAIL",
      "n_events": 41,
      "n_skip_no_rate": 4,
      "precheck_status": "PASS",
      "sampling_band_high": 2.4929151734578237,
      "sampling_band_low": 0.8627341033745138,
      "shrink": 0.6883841725425002,
      "verdict": "channel_not_identified"
    },
    "NFP/neg": {
      "F_MOP": 24.201041769597637,
      "beta_str_central": -0.9654779009754947,
      "constr_band_max": -0.8785781998333578,
      "constr_band_min": -0.9655149401740418,
      "constr_band_width": 0.086936740340684,
      "gate_a": "PASS",
      "n_events": 122,
      "n_skip_no_rate": 23,
      "precheck_status": "PASS",
      "sampling_band_high": -0.4117831975936289,
      "sampling_band_low": -1.4149926358231832,
      "shrink": 0.6619929454187377,
      "verdict": "identified_robust"
    },
    "NFP/pos": {
      "F_MOP": 10.741373977926969,
      "beta_str_central": 0.7398081003005619,
      "constr_band_max": 0.7400105097268962,
      "constr_band_min": 0.003700387044119164,
      "constr_band_width": 0.7363101226827771,
      "gate_a": "FAIL",
      "n_events": 40,
      "n_skip_no_rate": 2,
      "precheck_status": "PASS",
      "sampling_band_high": 1.4984113684469589,
      "sampling_band_low": 0.19188319097384898,
      "shrink": 0.41016249536241084,
      "verdict": "channel_not_identified"
    }
  },
  "seed_name": "decomp_12_window30_2026-06-24",
  "sintesi": {
    "n_fragile": 2,
    "n_not_identified": 5,
    "n_robust": 1,
    "robust_cells": [
      "NFP/neg"
    ]
  },
  "task_timestamp": "2026-06-24T15:59:10Z",
  "window_change": "\u00b130 min (vs \u00b115 baseline); EDGE = 5 min costante"
}