{
  "CPI/neg|C": {
    "commonality": false,
    "expected_sign": "ambiguous",
    "lambda_b": -0.0008554701672776312,
    "lambda_e": 0.0008134990397820773,
    "p_b": 0.3413804264501721,
    "p_commonality": 0.3413804264501721,
    "p_e": 0.3413804264501721,
    "sign_ok": null,
    "u_b_var": 6.448276121714169e-06,
    "u_e_var": 5.83106627210986e-06,
    "z_perp_var": 0.07211581383211958
  },
  "CPI/neg|L": {
    "commonality": false,
    "expected_sign": "antisymmetric_pos_eq",
    "lambda_b": null,
    "lambda_e": null,
    "p_b": null,
    "p_commonality": null,
    "p_e": null,
    "sign_ok": null,
    "u_b_var": 6.448276121714169e-06,
    "u_e_var": 5.83106627210986e-06,
    "z_perp_var": 0.0
  },
  "CPI/neg|V": {
    "commonality": false,
    "expected_sign": "antisymmetric_neg_eq",
    "lambda_b": 0.00019284514750025162,
    "lambda_e": -0.0001833837675688049,
    "p_b": 0.26549493421658465,
    "p_commonality": 0.26549493421658465,
    "p_e": 0.26549493421658443,
    "sign_ok": null,
    "u_b_var": 6.448276121714169e-06,
    "u_e_var": 5.83106627210986e-06,
    "z_perp_var": 3.98832249669851
  },
  "CPI/pos|C": {
    "commonality": false,
    "expected_sign": "ambiguous",
    "lambda_b": 0.002486082232968049,
    "lambda_e": -0.005569867940386126,
    "p_b": 0.38875390275852606,
    "p_commonality": 0.38875390275852606,
    "p_e": 0.38875390275852606,
    "sign_ok": null,
    "u_b_var": 2.0372863643339028e-05,
    "u_e_var": 0.0001022612025155312,
    "z_perp_var": 0.058156690785171494
  },
  "CPI/pos|L": {
    "commonality": false,
    "expected_sign": "antisymmetric_pos_eq",
    "lambda_b": null,
    "lambda_e": null,
    "p_b": null,
    "p_commonality": null,
    "p_e": null,
    "sign_ok": null,
    "u_b_var": 2.0372863643339028e-05,
    "u_e_var": 0.0001022612025155312,
    "z_perp_var": 0.0
  },
  "CPI/pos|V": {
    "commonality": false,
    "expected_sign": "antisymmetric_neg_eq",
    "lambda_b": -0.0001038936176405589,
    "lambda_e": 0.00023276532144957427,
    "p_b": 0.8307247201008692,
    "p_commonality": 0.8307247201008692,
    "p_e": 0.8307247201008692,
    "sign_ok": null,
    "u_b_var": 2.0372863643339028e-05,
    "u_e_var": 0.0001022612025155312,
    "z_perp_var": 2.3266806221232788
  },
  "FOMC/neg|C": {
    "commonality": false,
    "expected_sign": "ambiguous",
    "lambda_b": -0.0018911092758775127,
    "lambda_e": 0.0016543782834028962,
    "p_b": 0.22565933916608016,
    "p_commonality": 0.22565933916608016,
    "p_e": 0.22565933916608016,
    "sign_ok": null,
    "u_b_var": 1.0505282044360564e-05,
    "u_e_var": 8.03977895102417e-06,
    "z_perp_var": 0.05304970307130824
  },
  "FOMC/neg|L": {
    "commonality": false,
    "expected_sign": "antisymmetric_pos_eq",
    "lambda_b": null,
    "lambda_e": null,
    "p_b": null,
    "p_commonality": null,
    "p_e": null,
    "sign_ok": null,
    "u_b_var": 1.0505282044360564e-05,
    "u_e_var": 8.03977895102417e-06,
    "z_perp_var": 0.0
  },
  "FOMC/neg|V": {
    "commonality": false,
    "expected_sign": "antisymmetric_neg_eq",
    "lambda_b": 9.921806612115271e-05,
    "lambda_e": -8.679784717141813e-05,
    "p_b": 0.4815615276490406,
    "p_commonality": 0.4815615276490406,
    "p_e": 0.4815615276490406,
    "sign_ok": null,
    "u_b_var": 1.0505282044360564e-05,
    "u_e_var": 8.03977895102417e-06,
    "z_perp_var": 7.144315112787118
  },
  "NFP/neg|C": {
    "commonality": false,
    "expected_sign": "ambiguous",
    "lambda_b": -0.0002329458961575208,
    "lambda_e": -0.00032697245206957744,
    "p_b": 0.8039525818566142,
    "p_commonality": 0.8039525818566142,
    "p_e": 0.8039525818566142,
    "sign_ok": null,
    "u_b_var": 7.027535117691179e-06,
    "u_e_var": 1.3845709818554675e-05,
    "z_perp_var": 0.06269824322420037
  },
  "NFP/neg|L": {
    "commonality": false,
    "expected_sign": "antisymmetric_pos_eq",
    "lambda_b": null,
    "lambda_e": null,
    "p_b": null,
    "p_commonality": null,
    "p_e": null,
    "sign_ok": null,
    "u_b_var": 7.027535117691179e-06,
    "u_e_var": 1.3845709818554675e-05,
    "z_perp_var": 0.0
  },
  "NFP/neg|V": {
    "commonality": false,
    "expected_sign": "antisymmetric_neg_eq",
    "lambda_b": -5.3446169741768936e-05,
    "lambda_e": -7.501924465059448e-05,
    "p_b": 0.7822362965434428,
    "p_commonality": 0.7822362965434428,
    "p_e": 0.7822362965434426,
    "sign_ok": null,
    "u_b_var": 7.027535117691179e-06,
    "u_e_var": 1.3845709818554675e-05,
    "z_perp_var": 4.290646867365444
  }
}