{
  "B_BOOT": 10000,
  "master_seed": 20260621,
  "robust_cells": [
    {
      "b_H": -0.8078017783105418,
      "b_OLS": -0.7855012896438182,
      "cell": "NFP/neg",
      "cov_c": -2.286723177994136e-07,
      "cov_e": -5.949401764075393e-06,
      "dCov": -5.720729446275979e-06,
      "dVar": 7.081848047228202e-06,
      "f_eff": 53.12659277888364,
      "n_c": 574,
      "n_e": 145,
      "r_hat": 15.3889977502819,
      "se_bH": 0.16167723082756388,
      "var_c": 4.921710441638966e-07,
      "var_e": 7.574019091392098e-06
    },
    {
      "b_H": 1.1627150963606276,
      "b_OLS": 0.8647698895410924,
      "cell": "CPI/neg",
      "cov_c": -2.1342899435228873e-07,
      "cov_e": 2.248963588673523e-06,
      "dCov": 2.462392583025812e-06,
      "dVar": 2.1177953143751704e-06,
      "f_eff": 29.718066145412656,
      "n_c": 562,
      "n_e": 150,
      "r_hat": 5.385991306223171,
      "se_bH": 0.20265977034731184,
      "var_c": 4.828544259470567e-07,
      "var_e": 2.600649740322227e-06
    },
    {
      "b_H": 0.9256474267347835,
      "b_OLS": 0.8124359928367691,
      "cell": "FOMC/neg",
      "cov_c": -1.4538488659703997e-07,
      "cov_e": 1.9600889517494695e-06,
      "dCov": 2.1054738383465095e-06,
      "dVar": 2.2745958963809337e-06,
      "f_eff": 31.02461964865149,
      "n_c": 688,
      "n_e": 142,
      "r_hat": 17.481225171255574,
      "se_bH": 0.2015682116684805,
      "var_c": 1.3801133548906245e-07,
      "var_e": 2.412607231869996e-06
    },
    {
      "b_H": 1.898744928080503,
      "b_OLS": 1.8682506867726898,
      "cell": "CPI/pos",
      "cov_c": 3.306372064831743e-07,
      "cov_e": 4.9740791906168944e-05,
      "dCov": 4.941015469968577e-05,
      "dVar": 2.602253413239447e-05,
      "f_eff": 18.863484860621487,
      "n_c": 139,
      "n_e": 37,
      "r_hat": 44.24649877212861,
      "se_bH": 0.2268086844935883,
      "var_c": 6.017258014229212e-07,
      "var_e": 2.6624259933817388e-05
    }
  ],
  "seed_name": "execute_v2_signflip_2026-06-22",
  "window_half_min": 15
}