{
  "task": "voltarget_baseline_60_40_documentation",
  "metrics": {
    "strategy": "C_baseline_60_40",
    "full": {
      "n_obs": 4972,
      "n_nfp_in_period": 110,
      "sharpe": 0.6813998974661223,
      "var99_pct": 1.6750175651760495,
      "var99_nfp_pct": 1.6292194457618152,
      "maxdd_pct": -20.910006437941053,
      "pct_loss_gt_1pct_nfp": 6.363636363636363,
      "pct_loss_gt_2pct_nfp": 0.9090909090909091,
      "count_loss_gt_1pct_nfp": 7
    },
    "train": {
      "n_obs": 3102,
      "n_nfp_in_period": 91,
      "sharpe": 0.809298318025976,
      "var99_pct": 1.4379319008216505,
      "var99_nfp_pct": 1.3628138828312246,
      "maxdd_pct": -11.970949025073567,
      "pct_loss_gt_1pct_nfp": 5.4945054945054945,
      "pct_loss_gt_2pct_nfp": 0.0,
      "count_loss_gt_1pct_nfp": 5
    },
    "oos": {
      "n_obs": 1870,
      "n_nfp_in_period": 19,
      "sharpe": 0.5703701518388132,
      "var99_pct": 2.073110638844279,
      "var99_nfp_pct": 3.101345170115075,
      "maxdd_pct": -20.910006437941025,
      "pct_loss_gt_1pct_nfp": 10.526315789473683,
      "pct_loss_gt_2pct_nfp": 5.263157894736842,
      "count_loss_gt_1pct_nfp": 2
    }
  }
}